{
  "timestamp": "2026-04-03T12:32:52.250772",
  "hardware_profile": "RTX_3060_12GB",
  "vram_mb": 12288,
  "metrics": {
    "oom_reduction_pct": 100.0,
    "util_gain_pp": 0.1666136654724184,
    "overhead_pct": 0.3
  },
  "baseline": {
    "oom_rate": 100.0,
    "runs_to_oom": 39.333333333333336,
    "stable_batch_size": 3,
    "avg_frag": 0.4199086309458148
  },
  "workflow": {
    "oom_rate": 0.0,
    "runs_to_oom": 50,
    "stable_batch_size": 3,
    "avg_frag": 0.3650933515612773
  }
}