{
  "timestamp": "2026-04-03T12:37:51.970301",
  "hardware_profile": "RTX_3060_TIGHT",
  "vram_mb": 6000,
  "metrics": {
    "oom_reduction_pct": 100.0,
    "util_gain_pp": -0.06184213922185222,
    "overhead_pct": 0.0
  },
  "baseline": {
    "oom_rate": 0.0,
    "runs_to_oom": 50,
    "stable_batch_size": 4,
    "avg_frag": 0.08698382060123093
  },
  "workflow": {
    "oom_rate": 0.0,
    "runs_to_oom": 50,
    "stable_batch_size": 4,
    "avg_frag": 0.0879700770534134
  }
}