{
  "timestamp": "2026-04-03T12:34:14.589375",
  "hardware_profile": "RTX_3060_12GB",
  "vram_mb": 12288,
  "metrics": {
    "oom_reduction_pct": 100.0,
    "util_gain_pp": 0.019247853574690055,
    "overhead_pct": 0.3
  },
  "baseline": {
    "oom_rate": 100.0,
    "runs_to_oom": 38.7,
    "stable_batch_size": 3,
    "avg_frag": 0.41357521291619154
  },
  "workflow": {
    "oom_rate": 0.0,
    "runs_to_oom": 50,
    "stable_batch_size": 3,
    "avg_frag": 0.3664338133752876
  }
}