{
  "timestamp": "2026-04-03T12:33:59.570344",
  "hardware_profile": "RTX_3060_12GB",
  "vram_mb": 12288,
  "metrics": {
    "oom_reduction_pct": 100.0,
    "util_gain_pp": 0.0901264509195201,
    "overhead_pct": 0.2925
  },
  "baseline": {
    "oom_rate": 100.0,
    "runs_to_oom": 39.6,
    "stable_batch_size": 3,
    "avg_frag": 0.4161789382103566
  },
  "workflow": {
    "oom_rate": 0.0,
    "runs_to_oom": 100,
    "stable_batch_size": 3,
    "avg_frag": 0.3748079020311712
  }
}