run,oom_count,throughput_iter_s,peak_reserved_mb,avg_fragmentation,avg_step_time_s
1,0,0.547,6639.1,0.150636,1.829041
2,0,0.548,6595.1,0.151419,1.824375
3,0,0.544,6643.0,0.148342,1.838718
4,0,0.547,6612.9,0.150302,1.827456
5,0,0.548,6618.8,0.150533,1.82417
