{
  "train_loss": [
    0.005459528029344247
  ],
  "val_loss": [
    0.003959611230529844
  ],
  "val_mae": [
    0.054339274168014526
  ],
  "lr": [
    0.0
  ],
  "test_loss": 0.0038274999777786435,
  "test_mae": 0.053182979077100755
}